Date,Category,From,Subject,Info
2024-08-12 23:41:17.927521,general,notice-18426647@no-ip.com,Notice: ibk9493.no-ip.biz will expire soon,"{'invoice_number': None, 'date': None, 'amount': None}"
2024-08-12 23:41:18.560374,general,account-security-noreply@account.microsoft.com,Microsoft account security code,"{'invoice_number': None, 'date': None, 'amount': None}"
2024-08-12 23:41:19.189445,general,notice-18426647@no-ip.com,NOTICE:  ibk9493.no-ip.biz has expired,"{'invoice_number': None, 'date': None, 'amount': None}"
2024-08-12 23:41:19.799035,general,wssportal@ptcl.net.pk,myPTCL | Broadband Complaint [Complaint Number: 11],"{'invoice_number': None, 'date': None, 'amount': None}"
2024-08-12 23:41:20.411757,general,wssportal@ptcl.net.pk,myPTCL | Broadband Complaint [Complaint Number: 41],"{'invoice_number': None, 'date': None, 'amount': None}"
2024-08-12 23:41:21.030504,general,wssportal@ptcl.net.pk,myPTCL | Broadband Complaint [Complaint Number: 93],"{'invoice_number': None, 'date': None, 'amount': None}"
2024-08-12 23:41:21.643361,general,wssportal@ptcl.net.pk,myPTCL | PSTN Complaint [Complaint Number: 45],"{'invoice_number': None, 'date': None, 'amount': None}"
2024-08-12 23:41:22.454097,general,noreply@notifications.freelancer.com,Latest projects and contests matching your skills,"{'invoice_number': None, 'date': None, 'amount': None}"
2024-08-12 23:41:23.456567,general,support@lastpass.com,Getting Started: Save a Site,"{'invoice_number': None, 'date': None, 'amount': None}"
2024-08-12 23:41:24.096541,general,noreply@notifications.freelancer.com,Latest projects and contests matching your skills,"{'invoice_number': None, 'date': None, 'amount': None}"
2024-08-12 23:41:24.747760,general,noreply@notifications.freelancer.com,Latest projects and contests matching your skills,"{'invoice_number': None, 'date': None, 'amount': None}"
2024-08-12 23:41:25.377975,general,noreply@notifications.freelancer.com,Latest projects and contests matching your skills,"{'invoice_number': None, 'date': None, 'amount': None}"
2024-08-12 23:41:26.036318,general,noreply@notifications.freelancer.com,Latest projects and contests matching your skills,"{'invoice_number': None, 'date': None, 'amount': None}"
2024-08-12 23:41:26.693597,general,noreply@notifications.freelancer.com,Latest projects and contests matching your skills,"{'invoice_number': None, 'date': None, 'amount': None}"
2024-08-12 23:41:27.370775,general,noreply@notifications.freelancer.com,Latest projects and contests matching your skills,"{'invoice_number': None, 'date': None, 'amount': None}"
2024-08-12 23:41:28.081756,general,noreply@notifications.freelancer.com,Latest projects and contests matching your skills,"{'invoice_number': None, 'date': None, 'amount': None}"
2024-08-12 23:41:28.766053,general,noreply@notifications.freelancer.com,Latest projects and contests matching your skills,"{'invoice_number': None, 'date': None, 'amount': None}"
2024-08-12 23:41:29.428613,general,noreply@notifications.freelancer.com,Latest projects and contests matching your skills,"{'invoice_number': None, 'date': None, 'amount': None}"
2024-08-12 23:41:30.070303,general,noreply@notifications.freelancer.com,Latest projects and contests matching your skills,"{'invoice_number': None, 'date': None, 'amount': None}"
2024-08-12 23:41:30.732164,general,noreply@notifications.freelancer.com,Latest projects and contests matching your skills,"{'invoice_number': None, 'date': None, 'amount': None}"
2024-08-12 23:41:31.421033,general,noreply@notifications.freelancer.com,Latest projects and contests matching your skills,"{'invoice_number': None, 'date': None, 'amount': None}"
2024-08-12 23:41:32.335036,general,noreply@notifications.freelancer.com,Latest projects and contests matching your skills,"{'invoice_number': None, 'date': None, 'amount': None}"
2024-08-12 23:41:33.277303,general,noreply@notifications.freelancer.com,Latest projects and contests matching your skills,"{'invoice_number': None, 'date': None, 'amount': None}"
2024-08-12 23:41:34.220404,general,noreply@notifications.freelancer.com,Latest projects and contests matching your skills,"{'invoice_number': None, 'date': None, 'amount': None}"
2024-08-12 23:41:35.144388,general,noreply@notifications.freelancer.com,Latest projects and contests matching your skills,"{'invoice_number': None, 'date': None, 'amount': None}"
2024-08-12 23:41:35.852267,general,support@lastpass.com,Start managing your passwords with LastPass,"{'invoice_number': None, 'date': None, 'amount': None}"
2024-08-12 23:41:36.760311,general,noreply@notifications.freelancer.com,Latest projects and contests matching your skills,"{'invoice_number': None, 'date': None, 'amount': None}"
2024-08-12 23:41:37.722788,general,noreply@notifications.freelancer.com,Latest projects and contests matching your skills,"{'invoice_number': None, 'date': None, 'amount': None}"
2024-08-12 23:41:38.649300,general,noreply@notifications.freelancer.com,Latest projects and contests matching your skills,"{'invoice_number': None, 'date': None, 'amount': None}"
2024-08-12 23:41:39.579037,general,noreply@notifications.freelancer.com,Latest projects and contests matching your skills,"{'invoice_number': None, 'date': None, 'amount': None}"
2024-08-12 23:41:40.508508,general,noreply@notifications.freelancer.com,Latest projects and contests matching your skills,"{'invoice_number': None, 'date': None, 'amount': None}"
2024-08-12 23:41:41.449120,general,noreply@notifications.freelancer.com,Latest projects and contests matching your skills,"{'invoice_number': None, 'date': None, 'amount': None}"
2024-08-12 23:41:42.425227,general,noreply@notifications.freelancer.com,Latest projects and contests matching your skills,"{'invoice_number': None, 'date': None, 'amount': None}"
2024-08-12 23:41:43.183565,general,support@lastpass.com,Getting Started: Password Generator,"{'invoice_number': None, 'date': None, 'amount': None}"
2024-08-12 23:41:44.087507,general,noreply@notifications.freelancer.com,Latest projects and contests matching your skills,"{'invoice_number': None, 'date': None, 'amount': None}"
2024-08-12 23:41:45.089380,general,noreply@notifications.freelancer.com,Latest projects and contests matching your skills,"{'invoice_number': None, 'date': None, 'amount': None}"
2024-08-12 23:41:46.035095,general,noreply@notifications.freelancer.com,Latest projects and contests matching your skills,"{'invoice_number': None, 'date': None, 'amount': None}"
2024-08-12 23:41:46.961070,general,noreply@notifications.freelancer.com,Latest projects and contests matching your skills,"{'invoice_number': None, 'date': None, 'amount': None}"
2024-08-12 23:41:47.897347,general,noreply@notifications.freelancer.com,Latest projects and contests matching your skills,"{'invoice_number': None, 'date': None, 'amount': None}"
2024-08-12 23:41:48.809851,general,noreply@notifications.freelancer.com,Latest projects and contests matching your skills,"{'invoice_number': None, 'date': None, 'amount': None}"
2024-08-12 23:41:49.736362,general,noreply@notifications.freelancer.com,Latest projects and contests matching your skills,"{'invoice_number': None, 'date': None, 'amount': None}"
2024-08-12 23:41:50.669908,general,noreply@notifications.freelancer.com,Latest projects and contests matching your skills,"{'invoice_number': None, 'date': None, 'amount': None}"
2024-08-12 23:41:51.645965,general,noreply@notifications.freelancer.com,Latest projects and contests matching your skills,"{'invoice_number': None, 'date': None, 'amount': None}"
2024-08-12 23:41:52.585019,general,noreply@notifications.freelancer.com,Latest projects and contests matching your skills,"{'invoice_number': None, 'date': None, 'amount': None}"
2024-08-12 23:41:53.518199,general,noreply@notifications.freelancer.com,Latest projects and contests matching your skills,"{'invoice_number': None, 'date': None, 'amount': None}"
2024-08-12 23:41:54.644856,general,noreply@notifications.freelancer.com,Latest projects and contests matching your skills,"{'invoice_number': None, 'date': None, 'amount': None}"
2024-08-12 23:41:55.604251,general,noreply@notifications.freelancer.com,Latest projects and contests matching your skills,"{'invoice_number': None, 'date': None, 'amount': None}"
2024-08-12 23:41:56.560698,general,noreply@notifications.freelancer.com,Latest projects and contests matching your skills,"{'invoice_number': None, 'date': None, 'amount': None}"
2024-08-12 23:41:57.488172,general,noreply@notifications.freelancer.com,Latest projects and contests matching your skills,"{'invoice_number': None, 'date': None, 'amount': None}"
2024-08-12 23:41:58.409358,general,noreply@notifications.freelancer.com,Latest projects and contests matching your skills,"{'invoice_number': None, 'date': None, 'amount': None}"
2024-08-12 23:41:59.329546,general,noreply@notifications.freelancer.com,Latest projects and contests matching your skills,"{'invoice_number': None, 'date': None, 'amount': None}"
2024-08-12 23:42:00.286982,general,noreply@notifications.freelancer.com,Latest projects and contests matching your skills,"{'invoice_number': None, 'date': None, 'amount': None}"
2024-08-12 23:42:01.233355,general,noreply@notifications.freelancer.com,Latest projects and contests matching your skills,"{'invoice_number': None, 'date': None, 'amount': None}"
2024-08-12 23:42:02.186158,general,noreply@notifications.freelancer.com,Latest projects and contests matching your skills,"{'invoice_number': None, 'date': None, 'amount': None}"
2024-08-12 23:42:03.124608,general,noreply@notifications.freelancer.com,Latest projects and contests matching your skills,"{'invoice_number': None, 'date': None, 'amount': None}"
2024-08-12 23:42:04.059564,general,noreply@notifications.freelancer.com,Latest projects and contests matching your skills,"{'invoice_number': None, 'date': None, 'amount': None}"
2024-08-12 23:42:05.167052,general,support@lastpass.com,Getting Started: Secure Notes,"{'invoice_number': None, 'date': None, 'amount': None}"
2024-08-12 23:42:06.069021,general,noreply@notifications.freelancer.com,Latest projects and contests matching your skills,"{'invoice_number': None, 'date': None, 'amount': None}"
2024-08-12 23:42:06.995657,general,noreply@notifications.freelancer.com,Latest projects and contests matching your skills,"{'invoice_number': None, 'date': None, 'amount': None}"
2024-08-12 23:42:07.911027,general,noreply@notifications.freelancer.com,Latest projects and contests matching your skills,"{'invoice_number': None, 'date': None, 'amount': None}"
2024-08-12 23:42:08.839651,general,noreply@notifications.freelancer.com,Latest projects and contests matching your skills,"{'invoice_number': None, 'date': None, 'amount': None}"
2024-08-12 23:42:09.753800,general,noreply@notifications.freelancer.com,Latest projects and contests matching your skills,"{'invoice_number': None, 'date': None, 'amount': None}"
2024-08-12 23:42:10.738773,general,noreply@notifications.freelancer.com,Latest projects and contests matching your skills,"{'invoice_number': None, 'date': None, 'amount': None}"
2024-08-12 23:42:11.671310,general,noreply@notifications.freelancer.com,Latest projects and contests matching your skills,"{'invoice_number': None, 'date': None, 'amount': None}"
2024-08-12 23:42:12.607964,general,noreply@notifications.freelancer.com,Latest projects and contests matching your skills,"{'invoice_number': None, 'date': None, 'amount': None}"
2024-08-12 23:42:13.539962,general,noreply@notifications.freelancer.com,Latest projects and contests matching your skills,"{'invoice_number': None, 'date': None, 'amount': None}"
2024-08-12 23:42:14.476777,general,noreply@notifications.freelancer.com,Latest projects and contests matching your skills,"{'invoice_number': None, 'date': None, 'amount': None}"
2024-08-12 23:42:15.422990,general,noreply@notifications.freelancer.com,Latest projects and contests matching your skills,"{'invoice_number': None, 'date': None, 'amount': None}"
2024-08-12 23:42:16.407546,general,noreply@notifications.freelancer.com,Latest projects and contests matching your skills,"{'invoice_number': None, 'date': None, 'amount': None}"
2024-08-12 23:42:17.409507,general,noreply@notifications.freelancer.com,Latest projects and contests matching your skills,"{'invoice_number': None, 'date': None, 'amount': None}"
2024-08-12 23:42:18.355182,general,noreply@notifications.freelancer.com,Latest projects and contests matching your skills,"{'invoice_number': None, 'date': None, 'amount': None}"
2024-08-12 23:42:19.292952,general,noreply@notifications.freelancer.com,Latest projects and contests matching your skills,"{'invoice_number': None, 'date': None, 'amount': None}"
2024-08-12 23:42:20.223475,general,noreply@notifications.freelancer.com,Latest projects and contests matching your skills,"{'invoice_number': None, 'date': None, 'amount': None}"
2024-08-12 23:42:21.312805,general,support@lastpass.com,Getting Started: Security Challenge,"{'invoice_number': None, 'date': None, 'amount': None}"
2024-08-12 23:42:22.216150,general,noreply@notifications.freelancer.com,Latest projects and contests matching your skills,"{'invoice_number': None, 'date': None, 'amount': None}"
2024-08-12 23:42:23.160618,general,noreply@notifications.freelancer.com,Latest projects and contests matching your skills,"{'invoice_number': None, 'date': None, 'amount': None}"
2024-08-12 23:42:24.085872,general,noreply@notifications.freelancer.com,Latest projects and contests matching your skills,"{'invoice_number': None, 'date': None, 'amount': None}"
2024-08-12 23:42:24.992284,general,noreply@notifications.freelancer.com,Latest projects and contests matching your skills,"{'invoice_number': None, 'date': None, 'amount': None}"
2024-08-12 23:42:25.905490,general,noreply@notifications.freelancer.com,Latest projects and contests matching your skills,"{'invoice_number': None, 'date': None, 'amount': None}"
2024-08-12 23:42:27.001638,general,noreply@notifications.freelancer.com,Latest projects and contests matching your skills,"{'invoice_number': None, 'date': None, 'amount': None}"
2024-08-12 23:42:27.909994,support,no-reply+user-188601160@invitation.causes.com,Moaz Khan has asked for your help to support Palestine,"{'invoice_number': None, 'date': None, 'amount': None}"
2024-08-12 23:42:31.166416,general,noreply@notifications.freelancer.com,Latest projects and contests matching your skills,"{'invoice_number': None, 'date': None, 'amount': None}"
2024-08-12 23:42:32.146086,general,noreply@notifications.freelancer.com,Latest projects and contests matching your skills,"{'invoice_number': None, 'date': None, 'amount': None}"
2024-08-12 23:42:33.261674,general,noreply@notifications.freelancer.com,Latest projects and contests matching your skills,"{'invoice_number': None, 'date': None, 'amount': None}"
2024-08-12 23:42:34.258146,general,noreply@notifications.freelancer.com,Latest projects and contests matching your skills,"{'invoice_number': None, 'date': None, 'amount': None}"
2024-08-12 23:42:35.494053,general,noreply@notifications.freelancer.com,Latest projects and contests matching your skills,"{'invoice_number': None, 'date': None, 'amount': None}"
2024-08-12 23:42:36.419216,general,comms-NokiaAccount-noreply@nokia.microsoft.com,Verify your new Nokia account,"{'invoice_number': None, 'date': None, 'amount': None}"
2024-08-12 23:42:37.306003,general,noreply@notifications.freelancer.com,Latest projects and contests matching your skills,"{'invoice_number': None, 'date': None, 'amount': None}"
2024-08-12 23:42:38.249535,general,noreply@notifications.freelancer.com,Latest projects and contests matching your skills,"{'invoice_number': None, 'date': None, 'amount': None}"
2024-08-12 23:42:39.220986,general,noreply@notifications.freelancer.com,Latest projects and contests matching your skills,"{'invoice_number': None, 'date': None, 'amount': None}"
2024-08-12 23:42:40.150673,general,noreply@notifications.freelancer.com,Latest projects and contests matching your skills,"{'invoice_number': None, 'date': None, 'amount': None}"
2024-08-12 23:42:41.146444,general,noreply@notifications.freelancer.com,Latest projects and contests matching your skills,"{'invoice_number': None, 'date': None, 'amount': None}"
2024-08-12 23:42:42.202763,general,noreply@notifications.freelancer.com,Latest projects and contests matching your skills,"{'invoice_number': None, 'date': None, 'amount': None}"
2024-08-12 23:42:43.129307,general,noreply@notifications.freelancer.com,Latest projects and contests matching your skills,"{'invoice_number': None, 'date': None, 'amount': None}"
2024-08-12 23:42:44.060779,general,noreply@notifications.freelancer.com,Latest projects and contests matching your skills,"{'invoice_number': None, 'date': None, 'amount': None}"
2024-08-12 23:42:44.978894,general,noreply@notifications.freelancer.com,Latest projects and contests matching your skills,"{'invoice_number': None, 'date': None, 'amount': None}"
2024-08-12 23:42:45.957648,general,noreply@notifications.freelancer.com,Latest projects and contests matching your skills,"{'invoice_number': None, 'date': None, 'amount': None}"
2024-08-12 23:42:46.908203,general,noreply@notifications.freelancer.com,Latest projects and contests matching your skills,"{'invoice_number': None, 'date': None, 'amount': None}"
2024-08-12 23:42:47.851192,general,noreply@notifications.freelancer.com,Latest projects and contests matching your skills,"{'invoice_number': None, 'date': None, 'amount': None}"
2024-08-12 23:42:48.809430,general,noreply@notifications.freelancer.com,Latest projects and contests matching your skills,"{'invoice_number': None, 'date': None, 'amount': None}"
2024-08-12 23:42:49.753816,general,noreply@notifications.freelancer.com,Latest projects and contests matching your skills,"{'invoice_number': None, 'date': None, 'amount': None}"
2024-08-12 23:42:50.687222,general,noreply@notifications.freelancer.com,Latest projects and contests matching your skills,"{'invoice_number': None, 'date': None, 'amount': None}"
2024-08-12 23:42:51.620656,general,noreply@notifications.freelancer.com,Latest projects and contests matching your skills,"{'invoice_number': None, 'date': None, 'amount': None}"
2024-08-12 23:42:52.553198,general,noreply@notifications.freelancer.com,Latest projects and contests matching your skills,"{'invoice_number': None, 'date': None, 'amount': None}"
2024-08-12 23:42:53.460037,general,noreply@notifications.freelancer.com,Latest projects and contests matching your skills,"{'invoice_number': None, 'date': None, 'amount': None}"
2024-08-12 23:42:54.407975,general,noreply@notifications.freelancer.com,Latest projects and contests matching your skills,"{'invoice_number': None, 'date': None, 'amount': None}"
2024-08-12 23:42:55.338253,general,noreply@notifications.freelancer.com,Latest projects and contests matching your skills,"{'invoice_number': None, 'date': None, 'amount': None}"
2024-08-12 23:42:56.320168,general,noreply@notifications.freelancer.com,Latest projects and contests matching your skills,"{'invoice_number': None, 'date': None, 'amount': None}"
2024-08-12 23:42:57.215791,support,EA@em.ea.com,Origin Account password help,"{'invoice_number': None, 'date': None, 'amount': None}"
2024-08-12 23:43:00.101354,general,EA@em.ea.com,Your Password has been changed successfully,"{'invoice_number': None, 'date': None, 'amount': None}"
2024-08-12 23:43:01.024650,general,noreply@notifications.freelancer.com,Latest projects and contests matching your skills,"{'invoice_number': None, 'date': None, 'amount': None}"
2024-08-12 23:43:02.202417,general,noreply@notifications.freelancer.com,Latest projects and contests matching your skills,"{'invoice_number': None, 'date': None, 'amount': None}"
2024-08-12 23:43:03.246900,general,noreply@notifications.freelancer.com,Latest projects and contests matching your skills,"{'invoice_number': None, 'date': None, 'amount': None}"
2024-08-12 23:43:04.298340,general,noreply@notifications.freelancer.com,Latest projects and contests matching your skills,"{'invoice_number': None, 'date': None, 'amount': None}"
2024-08-12 23:43:05.226803,general,noreply@notifications.freelancer.com,Latest projects and contests matching your skills,"{'invoice_number': None, 'date': None, 'amount': None}"
2024-08-12 23:43:06.267886,general,noreply@notifications.freelancer.com,Latest projects and contests matching your skills,"{'invoice_number': None, 'date': None, 'amount': None}"
2024-08-12 23:43:07.213635,general,noreply@notifications.freelancer.com,Latest projects and contests matching your skills,"{'invoice_number': None, 'date': None, 'amount': None}"
2024-08-12 23:43:08.175333,general,noreply@notifications.freelancer.com,Latest projects and contests matching your skills,"{'invoice_number': None, 'date': None, 'amount': None}"
2024-08-12 23:43:09.091913,general,noreply@notifications.freelancer.com,Latest projects and contests matching your skills,"{'invoice_number': None, 'date': None, 'amount': None}"
2024-08-12 23:43:10.042744,general,noreply@notifications.freelancer.com,Latest projects and contests matching your skills,"{'invoice_number': None, 'date': None, 'amount': None}"
2024-08-12 23:43:11.167684,general,support@lastpass.com,Getting Started: Sharing Passwords,"{'invoice_number': None, 'date': None, 'amount': None}"
2024-08-12 23:43:12.066654,general,noreply@notifications.freelancer.com,Latest projects and contests matching your skills,"{'invoice_number': None, 'date': None, 'amount': None}"
2024-08-12 23:43:13.008919,general,noreply@notifications.freelancer.com,Latest projects and contests matching your skills,"{'invoice_number': None, 'date': None, 'amount': None}"
2024-08-12 23:43:13.944240,general,noreply@notifications.freelancer.com,Latest projects and contests matching your skills,"{'invoice_number': None, 'date': None, 'amount': None}"
2024-08-12 23:43:14.892581,general,noreply@notifications.freelancer.com,Latest projects and contests matching your skills,"{'invoice_number': None, 'date': None, 'amount': None}"
2024-08-12 23:43:15.821465,general,noreply@notifications.freelancer.com,Latest projects and contests matching your skills,"{'invoice_number': None, 'date': None, 'amount': None}"
2024-08-12 23:43:16.771961,general,noreply@notifications.freelancer.com,Latest projects and contests matching your skills,"{'invoice_number': None, 'date': None, 'amount': None}"
2024-08-12 23:43:17.704270,general,noreply@notifications.freelancer.com,Latest projects and contests matching your skills,"{'invoice_number': None, 'date': None, 'amount': None}"
2024-08-12 23:43:18.655146,general,noreply@notifications.freelancer.com,Latest projects and contests matching your skills,"{'invoice_number': None, 'date': None, 'amount': None}"
2024-08-12 23:43:19.601806,general,noreply@notifications.freelancer.com,Latest projects and contests matching your skills,"{'invoice_number': None, 'date': None, 'amount': None}"
2024-08-12 23:43:20.624408,general,noreply@notifications.freelancer.com,Latest projects and contests matching your skills,"{'invoice_number': None, 'date': None, 'amount': None}"
2024-08-12 23:43:22.182622,support,no-reply+user-183050368@invitation.causes.com,"Mari'ya Inayatt has asked for your help to bring an end to the
 violence between Israel and Gaza","{'invoice_number': None, 'date': None, 'amount': None}"
2024-08-12 23:43:25.572590,general,noreply@notifications.freelancer.com,Latest projects and contests matching your skills,"{'invoice_number': None, 'date': None, 'amount': None}"
2024-08-12 23:43:26.535609,general,noreply@notifications.freelancer.com,Latest projects and contests matching your skills,"{'invoice_number': None, 'date': None, 'amount': None}"
2024-08-12 23:43:27.619023,general,noreply@notifications.freelancer.com,Latest projects and contests matching your skills,"{'invoice_number': None, 'date': None, 'amount': None}"
2024-08-12 23:43:28.731018,general,noreply@notifications.freelancer.com,Latest projects and contests matching your skills,"{'invoice_number': None, 'date': None, 'amount': None}"
2024-08-12 23:43:29.518715,general,staff@repziw4.de,"Welcome to ""RepZIW4""","{'invoice_number': None, 'date': None, 'amount': None}"
2024-08-12 23:43:30.433198,general,noreply@notifications.freelancer.com,Latest projects and contests matching your skills,"{'invoice_number': None, 'date': None, 'amount': None}"
2024-08-12 23:43:31.838038,general,simkykhalid96@live.com,,"{'invoice_number': None, 'date': None, 'amount': None}"
2024-08-12 23:43:32.744825,general,wssportal@ptcl.net.pk,myPTCL | PSTN Complaint [Complaint Number: 82],"{'invoice_number': None, 'date': None, 'amount': None}"
2024-08-12 23:43:33.634059,support,EA@em.ea.com,Origin Account password help,"{'invoice_number': None, 'date': None, 'amount': None}"
2024-08-12 23:43:36.172018,general,EA@em.ea.com,Your Password has been changed successfully,"{'invoice_number': None, 'date': None, 'amount': None}"
2024-08-12 23:43:37.153008,general,noreply@notifications.freelancer.com,Latest projects and contests matching your skills,"{'invoice_number': None, 'date': None, 'amount': None}"
2024-08-12 23:43:38.094072,general,noreply@notifications.freelancer.com,Latest projects and contests matching your skills,"{'invoice_number': None, 'date': None, 'amount': None}"
2024-08-12 23:43:39.372095,general,noreply@notifications.freelancer.com,Latest projects and contests matching your skills,"{'invoice_number': None, 'date': None, 'amount': None}"
2024-08-12 23:43:40.535064,general,noreply@notifications.freelancer.com,Latest projects and contests matching your skills,"{'invoice_number': None, 'date': None, 'amount': None}"
2024-08-12 23:43:41.499373,general,noreply@notifications.freelancer.com,Latest projects and contests matching your skills,"{'invoice_number': None, 'date': None, 'amount': None}"
2024-08-12 23:43:42.482637,general,noreply@notifications.freelancer.com,Latest projects and contests matching your skills,"{'invoice_number': None, 'date': None, 'amount': None}"
2024-08-12 23:43:43.446838,general,noreply@notifications.freelancer.com,Latest projects and contests matching your skills,"{'invoice_number': None, 'date': None, 'amount': None}"
2024-08-12 23:43:45.013024,general,support@lastpass.com,Getting Started: Multifactor Authentication,"{'invoice_number': None, 'date': None, 'amount': None}"
2024-08-12 23:43:45.912917,general,noreply@notifications.freelancer.com,Latest projects and contests matching your skills,"{'invoice_number': None, 'date': None, 'amount': None}"
2024-08-12 23:43:46.828007,general,noreply@notifications.freelancer.com,Latest projects and contests matching your skills,"{'invoice_number': None, 'date': None, 'amount': None}"
2024-08-12 23:43:47.899820,general,noreply@notifications.freelancer.com,Latest projects and contests matching your skills,"{'invoice_number': None, 'date': None, 'amount': None}"
2024-08-12 23:43:49.225896,general,noreply@notifications.freelancer.com,Latest projects and contests matching your skills,"{'invoice_number': None, 'date': None, 'amount': None}"
2024-08-12 23:43:50.154775,general,noreply@notifications.freelancer.com,Latest projects and contests matching your skills,"{'invoice_number': None, 'date': None, 'amount': None}"
